geneid,node1,node2,node1_string_id,node2_string_id,experimentally_determined_interaction,database_annotated,automated_textmining,combined_score
602,BCL3,IL1B,9606.ENSP00000164227,9606.ENSP00000263341,0.0,0.0,0.657,0.719
602,BCL3,ICAM1,9606.ENSP00000164227,9606.ENSP00000264832,0.0,0.0,0.545,0.666
4616,GADD45B,CSRNP1,9606.ENSP00000215631,9606.ENSP00000273153,0.0,0.0,0.378,0.858
4616,GADD45B,CCNB2,9606.ENSP00000215631,9606.ENSP00000288207,0.0,0.9,0.298,0.926
5008,OSM,IL1B,9606.ENSP00000215781,9606.ENSP00000263341,0.0,0.0,0.62,0.749
5008,OSM,ICAM1,9606.ENSP00000215781,9606.ENSP00000264832,0.0,0.0,0.369,0.401
5008,OSM,EGF,9606.ENSP00000215781,9606.ENSP00000265171,0.0,0.0,0.577,0.577
81027,TUBB1,ACRBP,9606.ENSP00000217133,9606.ENSP00000229243,0.0,0.0,0.106,0.784
81027,TUBB1,ALOX12,9606.ENSP00000217133,9606.ENSP00000251535,0.0,0.0,0.042,0.409
81027,TUBB1,NRGN,9606.ENSP00000217133,9606.ENSP00000284292,0.0,0.0,0.193,0.526
81027,TUBB1,PF4,9606.ENSP00000217133,9606.ENSP00000296029,0.0,0.0,0.226,0.623
81027,TUBB1,CLEC1B,9606.ENSP00000217133,9606.ENSP00000298527,0.103,0.0,0.088,0.546
10135,NAMPT,IL1B,9606.ENSP00000222553,9606.ENSP00000263341,0.0,0.0,0.584,0.661
10135,NAMPT,ICAM1,9606.ENSP00000222553,9606.ENSP00000264832,0.0,0.0,0.372,0.432
2645,GCK,GYS2,9606.ENSP00000223366,9606.ENSP00000261195,0.0,0.0,0.569,0.616
84519,ACRBP,ALOX12,9606.ENSP00000229243,9606.ENSP00000251535,0.0,0.0,0.0,0.445
84519,ACRBP,NRGN,9606.ENSP00000229243,9606.ENSP00000284292,0.0,0.0,0.125,0.446
84519,ACRBP,CLEC1B,9606.ENSP00000229243,9606.ENSP00000298527,0.0,0.0,0.065,0.451
6678,SPARC,SNAI1,9606.ENSP00000231061,9606.ENSP00000244050,0.0,0.0,0.37,0.471
6678,SPARC,IL1B,9606.ENSP00000231061,9606.ENSP00000263341,0.0,0.0,0.43,0.43
6678,SPARC,EGF,9606.ENSP00000231061,9606.ENSP00000265171,0.0,0.0,0.596,0.598
6678,SPARC,ITGB5,9606.ENSP00000231061,9606.ENSP00000296181,0.0,0.0,0.205,0.428
3485,IGFBP2,IL1B,9606.ENSP00000233809,9606.ENSP00000263341,0.0,0.0,0.587,0.587
3485,IGFBP2,ICAM1,9606.ENSP00000233809,9606.ENSP00000264832,0.0,0.0,0.493,0.493
3485,IGFBP2,EGF,9606.ENSP00000233809,9606.ENSP00000265171,0.0,0.0,0.47,0.47
3485,IGFBP2,PTX3,9606.ENSP00000233809,9606.ENSP00000295927,0.0,0.0,0.395,0.404
7130,TNFAIP6,IL1B,9606.ENSP00000243347,9606.ENSP00000263341,0.0,0.0,0.696,0.752
7130,TNFAIP6,SELP,9606.ENSP00000243347,9606.ENSP00000263686,0.0,0.0,0.48,0.514
7130,TNFAIP6,ICAM1,9606.ENSP00000243347,9606.ENSP00000264832,0.0,0.0,0.356,0.427
7130,TNFAIP6,EGF,9606.ENSP00000243347,9606.ENSP00000265171,0.133,0.0,0.416,0.472
7130,TNFAIP6,BMP6,9606.ENSP00000243347,9606.ENSP00000283147,0.275,0.0,0.248,0.432
7130,TNFAIP6,PTX3,9606.ENSP00000243347,9606.ENSP00000295927,0.405,0.0,0.95,0.975
7130,TNFAIP6,PF4,9606.ENSP00000243347,9606.ENSP00000296029,0.405,0.0,0.172,0.497
6615,SNAI1,KRT5,9606.ENSP00000244050,9606.ENSP00000252242,0.0,0.0,0.411,0.41
6615,SNAI1,SMAD7,9606.ENSP00000244050,9606.ENSP00000262158,0.066,0.0,0.571,0.635
6615,SNAI1,IL1B,9606.ENSP00000244050,9606.ENSP00000263341,0.0,0.0,0.478,0.489
6615,SNAI1,EGF,9606.ENSP00000244050,9606.ENSP00000265171,0.0,0.0,0.702,0.702
27076,LYPD3,KRT5,9606.ENSP00000244333,9606.ENSP00000252242,0.0,0.0,0.076,0.42
3852,KRT5,SLC7A5,9606.ENSP00000252242,9606.ENSP00000261622,0.045,0.0,0.424,0.427
3852,KRT5,EGF,9606.ENSP00000252242,9606.ENSP00000265171,0.0,0.0,0.514,0.514
2012,EMP1,ICAM1,9606.ENSP00000256951,9606.ENSP00000264832,0.0,0.0,0.511,0.532
10993,SDS,HGD,9606.ENSP00000257549,9606.ENSP00000283871,0.0,0.0,0.462,0.497
10024,TROAP,CCNB2,9606.ENSP00000257909,9606.ENSP00000288207,0.0,0.0,0.282,0.674
10024,TROAP,TPX2,9606.ENSP00000257909,9606.ENSP00000300403,0.0,0.0,0.274,0.676
10913,EDAR,TNFRSF21,9606.ENSP00000258443,9606.ENSP00000296861,0.0,0.0,0.575,0.575
5874,RAB27B,SELP,9606.ENSP00000262094,9606.ENSP00000263686,0.0,0.4,0.136,0.471
4092,SMAD7,IL1B,9606.ENSP00000262158,9606.ENSP00000263341,0.0,0.0,0.501,0.526
4092,SMAD7,EGF,9606.ENSP00000262158,9606.ENSP00000265171,0.0,0.0,0.419,0.418
4092,SMAD7,BMP6,9606.ENSP00000262158,9606.ENSP00000283147,0.095,0.0,0.554,0.587
3553,IL1B,SELP,9606.ENSP00000263341,9606.ENSP00000263686,0.0,0.0,0.721,0.746
3553,IL1B,ICAM1,9606.ENSP00000263341,9606.ENSP00000264832,0.0,0.0,0.885,0.912
3553,IL1B,EGF,9606.ENSP00000263341,9606.ENSP00000265171,0.0,0.0,0.762,0.762
3553,IL1B,PTX3,9606.ENSP00000263341,9606.ENSP00000295927,0.0,0.0,0.582,0.601
3553,IL1B,CXCL5,9606.ENSP00000263341,9606.ENSP00000296027,0.0,0.0,0.726,0.771
3553,IL1B,PF4,9606.ENSP00000263341,9606.ENSP00000296029,0.0,0.0,0.604,0.622
3553,IL1B,GSDMA,9606.ENSP00000263341,9606.ENSP00000301659,0.0,0.0,0.602,0.602
6403,SELP,ICAM1,9606.ENSP00000263686,9606.ENSP00000264832,0.0,0.0,0.927,0.932
6403,SELP,EGF,9606.ENSP00000263686,9606.ENSP00000265171,0.0,0.0,0.64,0.662
6403,SELP,ESAM,9606.ENSP00000263686,9606.ENSP00000278927,0.0,0.0,0.712,0.776
6403,SELP,PTX3,9606.ENSP00000263686,9606.ENSP00000295927,0.0,0.0,0.931,0.933
6403,SELP,CXCL5,9606.ENSP00000263686,9606.ENSP00000296027,0.0,0.0,0.38,0.428
6403,SELP,PF4,9606.ENSP00000263686,9606.ENSP00000296029,0.0,0.0,0.905,0.921
6403,SELP,CLEC1B,9606.ENSP00000263686,9606.ENSP00000298527,0.0,0.0,0.712,0.78
3383,ICAM1,EGF,9606.ENSP00000264832,9606.ENSP00000265171,0.0,0.0,0.577,0.577
3383,ICAM1,ESAM,9606.ENSP00000264832,9606.ENSP00000278927,0.0,0.0,0.581,0.606
3383,ICAM1,PTX3,9606.ENSP00000264832,9606.ENSP00000295927,0.0,0.0,0.419,0.446
3383,ICAM1,CXCL5,9606.ENSP00000264832,9606.ENSP00000296027,0.0,0.0,0.652,0.683
3383,ICAM1,PF4,9606.ENSP00000264832,9606.ENSP00000296029,0.0,0.0,0.524,0.524
3383,ICAM1,CLEC1B,9606.ENSP00000264832,9606.ENSP00000298527,0.0,0.0,0.509,0.534
1950,EGF,BMP6,9606.ENSP00000265171,9606.ENSP00000283147,0.0,0.0,0.407,0.416
1950,EGF,CXCL5,9606.ENSP00000265171,9606.ENSP00000296027,0.0,0.0,0.664,0.668
1950,EGF,PF4,9606.ENSP00000265171,9606.ENSP00000296029,0.0,0.0,0.617,0.625
1950,EGF,AFAP1L2,9606.ENSP00000265171,9606.ENSP00000303042,0.0,0.0,0.404,0.405
1390,CREM,SIK1,9606.ENSP00000265372,9606.ENSP00000270162,0.0,0.0,0.599,0.606
150094,SIK1,CSRNP1,9606.ENSP00000270162,9606.ENSP00000273153,0.0,0.0,0.187,0.45
4211,MEIS1,TAL1,9606.ENSP00000272369,9606.ENSP00000294339,0.047,0.0,0.519,0.53
8853,ASAP2,AFAP1L2,9606.ENSP00000281419,9606.ENSP00000303042,0.0,0.0,0.38,0.406
1525,CXADR,AFAP1L2,9606.ENSP00000284878,9606.ENSP00000303042,0.0,0.0,0.444,0.444
9133,CCNB2,TPX2,9606.ENSP00000288207,9606.ENSP00000300403,0.045,0.0,0.725,0.953
10158,PDZK1IP1,TAL1,9606.ENSP00000294338,9606.ENSP00000294339,0.0,0.0,0.529,0.536
6374,CXCL5,PF4,9606.ENSP00000296027,9606.ENSP00000296029,0.0,0.4,0.163,0.527
5196,PF4,CLEC1B,9606.ENSP00000296029,9606.ENSP00000298527,0.0,0.0,0.582,0.71
3012,H2AC8,H2BC4,9606.ENSP00000303373,9606.ENSP00000321744,0.178,0.4,0.69,0.934
3012,H2AC8,GP1BA,9606.ENSP00000303373,9606.ENSP00000329380,0.0,0.4,0.0,0.401
3012,H2AC8,H3C12,9606.ENSP00000303373,9606.ENSP00000352252,0.985,0.4,0.845,0.998
3012,H2AC8,H2BC21,9606.ENSP00000303373,9606.ENSP00000358151,0.924,0.4,0.94,0.998
2815,GP9,AQP10,9606.ENSP00000303942,9606.ENSP00000318355,0.042,0.0,0.042,0.435
2815,GP9,F2R,9606.ENSP00000303942,9606.ENSP00000321326,0.091,0.0,0.48,0.509
2815,GP9,GP1BA,9606.ENSP00000303942,9606.ENSP00000329380,0.783,0.9,0.999,0.999
2815,GP9,SCGB1C1,9606.ENSP00000303942,9606.ENSP00000344545,0.0,0.0,0.0,0.426
2815,GP9,GFI1B,9606.ENSP00000303942,9606.ENSP00000344782,0.091,0.0,0.297,0.516
83879,CDCA7,AURKB,9606.ENSP00000306968,9606.ENSP00000313950,0.067,0.0,0.5,0.635
83879,CDCA7,UBE2C,9606.ENSP00000306968,9606.ENSP00000348838,0.088,0.0,0.341,0.594
83879,CDCA7,RRM2,9606.ENSP00000306968,9606.ENSP00000353770,0.0,0.0,0.424,0.613
8061,FOSL1,TNFRSF12A,9606.ENSP00000310170,9606.ENSP00000326737,0.0,0.0,0.196,0.401
8061,FOSL1,PLAUR,9606.ENSP00000310170,9606.ENSP00000339328,0.0,0.0,0.358,0.503
8061,FOSL1,PTGS2,9606.ENSP00000310170,9606.ENSP00000356438,0.0,0.0,0.391,0.455
8061,FOSL1,MMP9,9606.ENSP00000310170,9606.ENSP00000361405,0.0,0.0,0.439,0.439
9212,AURKB,H2BC4,9606.ENSP00000313950,9606.ENSP00000321744,0.096,0.0,0.447,0.479
9212,AURKB,UBE2C,9606.ENSP00000313950,9606.ENSP00000348838,0.053,0.4,0.704,0.955
9212,AURKB,H3C12,9606.ENSP00000313950,9606.ENSP00000352252,0.149,0.0,0.887,0.909
9212,AURKB,RRM2,9606.ENSP00000313950,9606.ENSP00000353770,0.0,0.0,0.596,0.84
9212,AURKB,E2F2,9606.ENSP00000313950,9606.ENSP00000355249,0.0,0.0,0.388,0.459
9212,AURKB,H2BC21,9606.ENSP00000313950,9606.ENSP00000358151,0.308,0.0,0.597,0.709
9212,AURKB,PDLIM1,9606.ENSP00000313950,9606.ENSP00000360305,0.0,0.0,0.431,0.446
5187,PER1,NPAS2,9606.ENSP00000314420,9606.ENSP00000338283,0.746,0.5,0.354,0.91
1191,CLU,MMP9,9606.ENSP00000315130,9606.ENSP00000361405,0.292,0.0,0.614,0.718
55214,P3H2,COL18A1,9606.ENSP00000316881,9606.ENSP00000352798,0.0,0.5,0.229,0.607
89872,AQP10,SCGB1C1,9606.ENSP00000318355,9606.ENSP00000344545,0.0,0.0,0.0,0.434
84617,TUBB6,TUBA8,9606.ENSP00000318697,9606.ENSP00000333326,0.287,0.65,0.811,0.964
2149,F2R,GP1BA,9606.ENSP00000321326,9606.ENSP00000329380,0.091,0.0,0.662,0.684
2149,F2R,MMP9,9606.ENSP00000321326,9606.ENSP00000361405,0.05,0.0,0.432,0.441
8347,H2BC4,GP1BA,9606.ENSP00000321744,9606.ENSP00000329380,0.045,0.4,0.0,0.402
8347,H2BC4,MLH3,9606.ENSP00000321744,9606.ENSP00000348020,0.0,0.5,0.0,0.501
8347,H2BC4,H3C12,9606.ENSP00000321744,9606.ENSP00000352252,0.829,0.4,0.862,0.989
8347,H2BC4,H2BC21,9606.ENSP00000321744,9606.ENSP00000358151,0.905,0.4,0.048,0.977
1237,CCR8,CCR10,9606.ENSP00000326432,9606.ENSP00000332504,0.0,0.5,0.531,0.755
1237,CCR8,ULBP2,9606.ENSP00000326432,9606.ENSP00000356320,0.0,0.0,0.723,0.723
1237,CCR8,MMP9,9606.ENSP00000326432,9606.ENSP00000361405,0.0,0.0,0.399,0.401
51330,TNFRSF12A,PLAUR,9606.ENSP00000326737,9606.ENSP00000339328,0.0,0.0,0.242,0.422
2811,GP1BA,GFI1B,9606.ENSP00000329380,9606.ENSP00000344782,0.091,0.0,0.338,0.477
2811,GP1BA,H3C12,9606.ENSP00000329380,9606.ENSP00000352252,0.125,0.4,0.129,0.502
2811,GP1BA,H2BC21,9606.ENSP00000329380,9606.ENSP00000358151,0.045,0.4,0.069,0.42
51807,TUBA8,H2BC21,9606.ENSP00000333326,9606.ENSP00000358151,0.0,0.0,0.467,0.467
5329,PLAUR,PTGS2,9606.ENSP00000339328,9606.ENSP00000356438,0.0,0.0,0.348,0.489
5329,PLAUR,MMP9,9606.ENSP00000339328,9606.ENSP00000361405,0.0,0.0,0.738,0.772
4929,NR4A2,PTGS2,9606.ENSP00000344479,9606.ENSP00000356438,0.061,0.0,0.32,0.524
27030,MLH3,H2BC21,9606.ENSP00000348020,9606.ENSP00000358151,0.0,0.5,0.072,0.52
11065,UBE2C,RRM2,9606.ENSP00000348838,9606.ENSP00000353770,0.068,0.0,0.749,0.931
8357,H3C12,H2BC21,9606.ENSP00000352252,9606.ENSP00000358151,0.836,0.4,0.999,0.999
8357,H3C12,MMP9,9606.ENSP00000352252,9606.ENSP00000361405,0.0,0.0,0.663,0.668
7422,COL18A1,MMP9,9606.ENSP00000352798,9606.ENSP00000361405,0.238,0.75,0.588,0.92
6241,RRM2,E2F2,9606.ENSP00000353770,9606.ENSP00000355249,0.0,0.0,0.354,0.435
50486,G0S2,PTGS2,9606.ENSP00000355996,9606.ENSP00000356438,0.0,0.0,0.181,0.436
5743,PTGS2,MMP9,9606.ENSP00000356438,9606.ENSP00000361405,0.0,0.0,0.785,0.815
7056,THBD,CD83,9606.ENSP00000366307,9606.ENSP00000368450,0.0,0.0,0.542,0.549
7056,THBD,PLAAT1,9606.ENSP00000366307,9606.ENSP00000498228,0.102,0.0,0.497,0.531
8334,H2AC6,H2BC11,9606.ENSP00000367022,9606.ENSP00000476136,0.92,0.4,0.542,0.988
8334,H2AC6,H2BC17,9606.ENSP00000367022,9606.ENSP00000477527,0.967,0.4,0.254,0.99
8334,H2AC6,H2BC9,9606.ENSP00000367022,9606.ENSP00000479169,0.967,0.4,0.21,0.992
7504,XK,LANCL3,9606.ENSP00000367879,9606.ENSP00000367882,0.0,0.0,0.213,0.458
9308,CD83,CXCL2,9606.ENSP00000368450,9606.ENSP00000427279,0.0,0.0,0.269,0.425
9308,CD83,TNFAIP3,9606.ENSP00000368450,9606.ENSP00000481570,0.0,0.0,0.311,0.595
10112,KIF20A,CDCA3,9606.ENSP00000378356,9606.ENSP00000442068,0.0,0.0,0.522,0.93
7068,THRB,MED12L,9606.ENSP00000379904,9606.ENSP00000417235,0.064,0.65,0.0,0.658
1850,DUSP8,LOC102723407,9606.ENSP00000380530,9606.ENSP00000478289,0.0,0.0,0.58,0.58
2812,GP1BB,CLDN5,9606.ENSP00000383382,9606.ENSP00000385477,0.0,0.0,0.497,0.532
2812,GP1BB,SEPTIN5,9606.ENSP00000383382,9606.ENSP00000391311,0.0,0.0,0.897,0.902
3554,IL1R1,CXCL2,9606.ENSP00000386380,9606.ENSP00000427279,0.0,0.0,0.629,0.647
3554,IL1R1,TNFAIP3,9606.ENSP00000386380,9606.ENSP00000481570,0.0,0.0,0.4,0.419
23677,SH3BP4,STON2,9606.ENSP00000386862,9606.ENSP00000450857,0.0,0.0,0.522,0.522
8320,EOMES,PCSK6,9606.ENSP00000388620,9606.ENSP00000482760,0.046,0.0,0.482,0.495
5087,PBX1,LOC102723407,9606.ENSP00000405890,9606.ENSP00000478289,0.0,0.0,0.506,0.506
2920,CXCL2,TNFAIP3,9606.ENSP00000427279,9606.ENSP00000481570,0.0,0.0,0.479,0.718
23764,MAFF,TNFAIP3,9606.ENSP00000442060,9606.ENSP00000481570,0.0,0.0,0.185,0.484
23764,MAFF,NR4A3,9606.ENSP00000442060,9606.ENSP00000482027,0.071,0.0,0.261,0.462
85439,STON2,LDLR,9606.ENSP00000450857,9606.ENSP00000454071,0.0,0.5,0.0,0.499
28450,IGHV3-11,LOC102723407,9606.ENSP00000474135,9606.ENSP00000478289,0.0,0.54,0.104,0.59
8970,H2BC11,H2BC17,9606.ENSP00000476136,9606.ENSP00000477527,0.319,0.4,0.044,0.78
8970,H2BC11,H2BC9,9606.ENSP00000476136,9606.ENSP00000479169,0.297,0.4,0.043,0.744
8348,H2BC17,H2BC9,9606.ENSP00000477527,9606.ENSP00000479169,0.812,0.4,0.044,0.971
